{"id":"0e7735811c28d5a112e9528613eef0e3","categories":{"education":"Education"},"subcategories":[],"license":["basic","elite","lite","plus","pro","ultimate","agency"],"slug":"lecture-notes-form-template","name":"Lecture Notes Form","description":"Keep all your notes in one convenient location and make your teaching experience more efficient.","url":"https:\/\/wpforms.com\/templates\/lecture-notes-form-template\/","addons":[],"created_at":"2021-06-02","thumbnail":"https:\/\/wpforms.com\/templates\/wp-content\/uploads\/templates\/thumb\/0e7735811c28d5a112e9528613eef0e3.jpg","fields":["email","text","textarea","textarea","textarea"],"data":{"fields":{"5":{"id":"5","type":"email","label":"Email","description":"","required":"1","size":"medium","placeholder":"","confirmation_placeholder":"","default_value":"","css":"","filter_type":"","allowlist":"","denylist":""},"1":{"id":"1","type":"text","label":"Subject","description":"","size":"medium","placeholder":"","limit_count":"1","limit_mode":"characters","default_value":"","css":"","input_mask":"","map_position":"above"},"2":{"id":"2","type":"textarea","label":"Cues","description":"","size":"medium","placeholder":"","limit_count":"1","limit_mode":"characters","default_value":"","css":""},"3":{"id":"3","type":"textarea","label":"Notes","description":"","size":"medium","placeholder":"","limit_count":"1","limit_mode":"characters","default_value":"","css":""},"4":{"id":"4","type":"textarea","label":"Summary","description":"","size":"medium","placeholder":"","limit_count":"1","limit_mode":"characters","default_value":"","css":""}},"field_id":6,"settings":{"form_title":"Lecture Notes Form","form_desc":"","form_class":"","submit_text":"Submit","submit_text_processing":"Sending...","submit_class":"","antispam":"1","notification_enable":"1","notifications":{"1":{"notification_name":"Default Notification","email":"{admin_email}","subject":"New Entry: Lecture Notes Form Template","sender_address":"{admin_email}","replyto":"{field_id=\"5\"}","message":"{all_fields}"}},"confirmations":{"1":{"name":"Default Confirmation","type":"message","message":"<p>Thanks for submitting the form. If requested, someone will be in touch with you soon.<\/p>","message_scroll":"1","page":"2","redirect":""}},"form_abandonment_fields":"","post_submissions":"","post_submissions_title":"","post_submissions_content":"","post_submissions_excerpt":"","post_submissions_featured":"","post_submissions_type":"post","post_submissions_status":"pending","post_submissions_author":"","conversational_forms_title":"","conversational_forms_description":"","conversational_forms_page_slug":"lecture-notes-form-template","conversational_forms_custom_logo":"","conversational_forms_color_scheme":"#448ccb","conversational_forms_progress_bar":"percentage","form_locker_password":"","form_locker_password_message":"","form_locker_schedule_start_date":"","form_locker_schedule_start_time":"","form_locker_schedule_end_date":"","form_locker_schedule_end_time":"","form_locker_schedule_message":"","form_locker_entry_limit":"","form_locker_entry_limit_message":"","form_locker_user_message":"","form_pages_title":"","form_pages_description":"","form_pages_page_slug":"lecture-notes-form-template","form_pages_custom_logo":"","form_pages_footer":"This content is neither created nor endorsed by WPForms.","form_pages_color_scheme":"#448ccb","form_pages_style":"modern","ajax_submit":"1"},"payments":{"paypal_standard":{"email":"","mode":"production","transaction":"product","cancel_url":"","shipping":"0","note":"1"}}}}